{"cameraMode":{"drawMode":0,"name":"Shaded","section":"Shading Mode"},"sceneLighting":false,"audioPlay":false,"sceneViewState":{"showFog":true,"showMaterialUpdate":false,"showSkybox":true,"showFlares":true,"showImageEffects":true,"showParticleSystems":true},"in2DMode":false,"pivot":{"x":4.403267860412598,"y":5.935468673706055,"z":75.14460754394531},"rotation":{"x":0.0034108839463442566,"y":0.978268563747406,"z":-0.206684410572052,"w":0.016142534092068673},"size":28.712997436523439,"orthographic":false}